,actual,predicted,dumb
0,10.0,10.0,1
1,9.0,10.0,10
2,3.0,2.0,4
3,7.0,9.0,10
4,10.0,7.0,4
5,6.0,10.0,9
6,1.0,5.0,9
7,8.0,10.0,6
8,0.0,2.0,5
9,0.0,1.0,5
10,9.0,6.0,6
11,8.0,6.0,9
12,10.0,9.0,2
13,9.0,9.0,4
14,0.0,3.0,7
15,6.0,10.0,10
16,9.0,9.0,5
17,10.0,8.0,6
18,10.0,9.0,7
19,7.0,10.0,8
20,10.0,9.0,10
21,10.0,10.0,4
22,8.0,10.0,1
23,8.0,8.0,4
24,9.0,8.0,9
25,9.0,10.0,3
26,8.0,10.0,2
27,10.0,10.0,4
28,0.0,2.0,6
29,10.0,8.0,2
30,10.0,9.0,4
31,10.0,8.0,7
32,9.0,7.0,3
33,8.0,10.0,7
34,9.0,6.0,5
35,10.0,10.0,1
36,9.0,9.0,1
37,10.0,6.0,1
38,2.0,2.0,7
39,9.0,10.0,6
40,5.0,5.0,7
41,9.0,10.0,0
42,10.0,10.0,5
43,10.0,10.0,9
44,1.0,2.0,10
45,0.0,5.0,7
46,9.0,10.0,3
47,0.0,5.0,2
48,10.0,10.0,2
49,10.0,9.0,0
50,8.0,10.0,9
51,10.0,6.0,7
52,10.0,7.0,3
53,10.0,9.0,7
54,5.0,3.0,3
55,10.0,8.0,8
56,3.0,2.0,0
57,8.0,9.0,0
58,10.0,10.0,2
59,0.0,4.0,4
60,0.0,2.0,5
61,9.0,10.0,3
62,10.0,9.0,8
63,3.0,5.0,3
64,9.0,10.0,8
65,4.0,4.0,8
66,10.0,8.0,5
67,0.0,4.0,8
68,8.0,7.0,8
69,9.0,10.0,5
70,0.0,1.0,1
71,10.0,9.0,4
72,10.0,6.0,2
73,9.0,9.0,3
74,0.0,2.0,5
75,2.0,3.0,0
76,10.0,9.0,7
77,1.0,2.0,0
78,9.0,9.0,2
79,10.0,10.0,6
80,0.0,2.0,10
81,10.0,8.0,5
82,0.0,4.0,9
83,10.0,6.0,7
84,9.0,10.0,4
85,10.0,10.0,10
86,10.0,10.0,4
87,2.0,5.0,4
88,9.0,10.0,2
89,9.0,10.0,5
90,10.0,10.0,1
91,1.0,1.0,7
92,10.0,10.0,1
93,9.0,10.0,0
94,10.0,10.0,6
95,0.0,4.0,6
96,10.0,8.0,7
97,10.0,6.0,4
98,10.0,10.0,4
99,10.0,10.0,3
100,10.0,10.0,5
101,10.0,9.0,1
102,7.0,10.0,4
103,3.0,2.0,8
104,9.0,10.0,4
105,9.0,10.0,0
106,3.0,3.0,2
107,10.0,10.0,8
108,10.0,10.0,6
109,9.0,10.0,8
110,10.0,10.0,6
111,9.0,10.0,1
112,9.0,9.0,1
113,10.0,7.0,4
114,10.0,8.0,7
115,10.0,10.0,2
116,10.0,10.0,1
117,4.0,3.0,0
118,10.0,10.0,6
119,6.0,7.0,10
120,10.0,10.0,7
121,10.0,10.0,7
122,10.0,9.0,10
123,10.0,8.0,9
124,10.0,10.0,6
125,4.0,1.0,7
126,9.0,10.0,3
127,10.0,9.0,6
128,1.0,2.0,3
129,0.0,3.0,9
130,9.0,10.0,1
131,10.0,10.0,9
132,8.0,10.0,3
133,10.0,9.0,2
134,10.0,10.0,3
135,10.0,10.0,8
136,10.0,9.0,2
137,0.0,2.0,10
138,10.0,10.0,8
139,10.0,8.0,8
140,10.0,10.0,2
141,7.0,9.0,3
142,2.0,4.0,7
143,8.0,10.0,1
144,8.0,9.0,9
145,10.0,9.0,0
146,8.0,9.0,5
147,10.0,9.0,6
148,0.0,1.0,9
149,10.0,9.0,8
150,6.0,10.0,9
151,2.0,2.0,6
152,10.0,10.0,8
153,10.0,10.0,10
154,9.0,9.0,6
155,8.0,8.0,3
156,10.0,8.0,7
157,10.0,9.0,6
158,10.0,10.0,0
159,9.0,9.0,9
160,8.0,10.0,9
161,10.0,10.0,8
162,9.0,7.0,4
163,8.0,10.0,9
164,10.0,9.0,6
165,10.0,8.0,2
166,8.0,10.0,7
167,10.0,8.0,6
168,10.0,10.0,7
169,4.0,3.0,5
170,9.0,10.0,1
171,10.0,10.0,1
172,9.0,10.0,9
173,3.0,2.0,1
174,10.0,8.0,0
175,0.0,3.0,1
176,3.0,1.0,1
177,6.0,10.0,4
178,10.0,8.0,4
179,4.0,1.0,2
180,10.0,9.0,9
181,10.0,7.0,0
182,10.0,7.0,1
183,2.0,5.0,7
184,5.0,2.0,8
185,9.0,10.0,3
186,8.0,9.0,6
187,10.0,9.0,9
188,0.0,1.0,7
189,3.0,3.0,5
190,10.0,6.0,6
191,10.0,8.0,1
192,10.0,7.0,10
193,5.0,4.0,4
194,10.0,10.0,1
195,10.0,9.0,1
196,9.0,7.0,2
197,10.0,8.0,3
198,0.0,1.0,9
199,9.0,9.0,8
200,8.0,10.0,8
201,10.0,9.0,5
202,4.0,3.0,6
203,9.0,9.0,4
204,6.0,8.0,0
205,9.0,10.0,7
206,10.0,10.0,2
207,9.0,8.0,10
208,10.0,10.0,6
209,10.0,10.0,10
210,4.0,1.0,6
211,10.0,10.0,1
212,9.0,10.0,6
213,10.0,9.0,9
214,10.0,9.0,10
215,10.0,9.0,9
216,9.0,10.0,10
217,7.0,7.0,9
218,10.0,8.0,9
219,10.0,9.0,5
220,9.0,9.0,1
221,10.0,9.0,8
222,1.0,2.0,1
223,10.0,10.0,3
224,10.0,10.0,5
225,6.0,10.0,1
226,0.0,5.0,7
227,8.0,6.0,8
228,10.0,10.0,3
229,9.0,9.0,8
230,10.0,9.0,5
231,10.0,9.0,8
232,9.0,10.0,3
233,10.0,9.0,3
234,10.0,9.0,4
235,9.0,10.0,7
236,10.0,10.0,2
237,9.0,9.0,0
238,8.0,10.0,6
239,1.0,1.0,8
240,0.0,2.0,3
241,0.0,3.0,1
242,2.0,3.0,0
243,10.0,9.0,9
244,10.0,8.0,0
245,9.0,8.0,10
246,10.0,9.0,6
247,9.0,9.0,2
248,0.0,2.0,0
249,10.0,9.0,9
250,10.0,9.0,7
251,9.0,9.0,2
252,1.0,4.0,8
253,10.0,9.0,6
254,10.0,6.0,6
255,10.0,10.0,7
256,10.0,10.0,10
257,10.0,8.0,9
258,1.0,4.0,8
259,10.0,10.0,7
260,10.0,9.0,8
261,10.0,6.0,1
262,0.0,5.0,5
263,3.0,1.0,10
264,0.0,4.0,9
265,8.0,10.0,7
266,10.0,6.0,2
267,0.0,1.0,3
268,5.0,5.0,8
269,7.0,10.0,8
270,10.0,10.0,4
271,10.0,8.0,9
272,10.0,10.0,4
273,10.0,9.0,4
274,9.0,8.0,7
275,10.0,10.0,1
276,10.0,6.0,7
277,9.0,7.0,9
278,9.0,10.0,6
279,5.0,1.0,9
280,9.0,9.0,6
281,10.0,10.0,10
282,10.0,7.0,8
283,8.0,10.0,6
284,0.0,4.0,8
285,10.0,9.0,9
286,8.0,6.0,2
287,9.0,8.0,1
288,10.0,8.0,1
289,9.0,9.0,3
290,8.0,9.0,9
291,10.0,10.0,2
292,5.0,3.0,7
293,10.0,10.0,0
294,0.0,4.0,9
295,10.0,10.0,4
296,1.0,4.0,3
297,8.0,10.0,7
298,10.0,10.0,3
299,9.0,8.0,7
300,9.0,9.0,7
301,10.0,10.0,6
302,9.0,10.0,2
303,10.0,9.0,2
304,10.0,10.0,9
305,8.0,9.0,5
306,10.0,7.0,2
307,5.0,3.0,9
308,10.0,10.0,8
309,4.0,1.0,6
310,6.0,9.0,2
311,10.0,8.0,8
312,4.0,1.0,3
313,0.0,4.0,5
314,9.0,9.0,10
315,9.0,10.0,0
316,9.0,8.0,2
317,5.0,1.0,1
318,7.0,7.0,10
319,7.0,10.0,3
320,1.0,5.0,10
321,9.0,8.0,5
322,10.0,9.0,2
323,10.0,10.0,6
324,6.0,8.0,7
325,9.0,8.0,8
326,9.0,10.0,2
327,10.0,7.0,1
328,0.0,3.0,5
329,7.0,10.0,6
330,2.0,3.0,0
331,6.0,10.0,6
332,10.0,8.0,9
333,10.0,10.0,9
334,10.0,7.0,2
335,7.0,7.0,5
336,10.0,9.0,9
337,5.0,2.0,9
338,10.0,10.0,7
339,9.0,9.0,5
340,10.0,8.0,1
341,10.0,9.0,2
342,10.0,9.0,0
343,10.0,10.0,1
344,0.0,1.0,4
345,0.0,4.0,7
346,10.0,7.0,4
347,10.0,6.0,10
348,8.0,6.0,2
349,7.0,9.0,2
350,10.0,6.0,6
351,10.0,10.0,9
352,10.0,10.0,0
353,10.0,10.0,9
354,0.0,6.0,8
355,2.0,1.0,2
356,10.0,10.0,7
357,5.0,3.0,9
358,10.0,6.0,4
359,10.0,9.0,1
360,0.0,2.0,7
361,10.0,6.0,10
362,0.0,3.0,9
363,10.0,8.0,5
364,10.0,10.0,4
365,10.0,6.0,0
366,9.0,10.0,6
367,8.0,9.0,9
368,6.0,8.0,0
369,10.0,10.0,4
370,5.0,1.0,5
371,0.0,1.0,9
372,9.0,8.0,0
373,10.0,10.0,8
374,10.0,10.0,1
375,10.0,10.0,1
376,10.0,10.0,3
377,10.0,10.0,8
378,10.0,7.0,7
379,8.0,8.0,3
380,7.0,9.0,7
381,9.0,8.0,10
382,0.0,4.0,6
383,8.0,9.0,6
384,8.0,8.0,0
385,9.0,6.0,7
386,0.0,5.0,3
387,10.0,10.0,9
388,10.0,10.0,10
389,10.0,9.0,6
390,8.0,10.0,0
391,6.0,10.0,1
392,10.0,10.0,4
393,0.0,4.0,8
394,10.0,9.0,7
395,8.0,10.0,2
396,10.0,10.0,1
397,10.0,7.0,10
398,10.0,9.0,5
399,10.0,9.0,9
400,8.0,6.0,9
401,9.0,6.0,9
402,0.0,2.0,7
403,0.0,1.0,9
404,10.0,10.0,8
405,10.0,8.0,9
406,4.0,5.0,5
407,10.0,9.0,4
408,10.0,10.0,5
409,0.0,3.0,3
410,0.0,3.0,10
411,10.0,6.0,8
412,6.0,9.0,7
413,9.0,10.0,9
414,10.0,10.0,0
415,10.0,10.0,7
416,10.0,10.0,8
417,10.0,9.0,2
418,1.0,4.0,8
419,10.0,9.0,2
420,10.0,10.0,2
421,10.0,8.0,3
422,8.0,10.0,0
423,10.0,9.0,9
424,9.0,8.0,9
425,10.0,6.0,5
426,10.0,10.0,0
427,5.0,3.0,8
428,10.0,9.0,0
429,9.0,9.0,5
430,10.0,9.0,2
431,10.0,9.0,8
432,0.0,2.0,2
433,1.0,3.0,1
434,8.0,10.0,5
435,10.0,9.0,2
436,9.0,10.0,7
437,4.0,1.0,3
438,10.0,9.0,6
439,10.0,8.0,5
440,7.0,10.0,8
441,1.0,5.0,5
442,10.0,10.0,8
443,10.0,10.0,9
444,2.0,5.0,0
445,10.0,9.0,1
446,9.0,8.0,10
447,4.0,1.0,3
448,4.0,1.0,0
449,0.0,2.0,4
450,10.0,9.0,7
451,10.0,9.0,8
452,10.0,9.0,1
453,9.0,10.0,8
454,10.0,7.0,4
455,0.0,2.0,2
456,10.0,9.0,8
457,9.0,7.0,8
458,10.0,7.0,5
459,1.0,2.0,4
460,4.0,2.0,4
461,10.0,9.0,5
462,0.0,2.0,3
463,1.0,2.0,9
464,9.0,10.0,3
465,10.0,10.0,2
466,8.0,9.0,9
467,0.0,5.0,9
468,3.0,3.0,1
469,5.0,4.0,7
470,8.0,9.0,7
471,10.0,10.0,8
472,10.0,10.0,4
473,9.0,8.0,2
474,10.0,10.0,4
475,8.0,10.0,9
476,5.0,1.0,1
477,10.0,10.0,7
478,5.0,2.0,8
479,10.0,9.0,0
480,10.0,9.0,7
481,0.0,4.0,7
482,0.0,4.0,9
483,10.0,9.0,4
484,2.0,2.0,0
485,10.0,10.0,4
486,0.0,2.0,6
487,0.0,1.0,10
488,8.0,10.0,1
489,5.0,6.0,2
490,9.0,7.0,7
491,10.0,8.0,7
492,10.0,9.0,5
493,0.0,1.0,1
494,9.0,9.0,6
495,9.0,9.0,6
496,10.0,10.0,9
497,10.0,10.0,8
498,8.0,9.0,7
499,9.0,10.0,5
500,9.0,8.0,3
501,0.0,2.0,10
502,9.0,10.0,1
503,9.0,9.0,2
504,10.0,9.0,2
505,10.0,10.0,10
506,7.0,10.0,4
507,10.0,6.0,7
508,9.0,9.0,0
509,1.0,3.0,5
510,9.0,10.0,3
511,10.0,10.0,3
512,9.0,10.0,0
513,10.0,8.0,7
514,9.0,10.0,1
515,10.0,10.0,8
516,10.0,9.0,4
517,8.0,8.0,1
518,9.0,7.0,9
519,9.0,10.0,7
520,10.0,7.0,9
521,9.0,10.0,9
522,4.0,5.0,6
523,2.0,5.0,3
524,10.0,9.0,7
525,4.0,4.0,1
526,10.0,10.0,9
527,10.0,9.0,4
528,8.0,10.0,5
529,9.0,10.0,4
530,0.0,4.0,3
531,3.0,2.0,7
532,10.0,10.0,6
533,2.0,3.0,7
534,10.0,6.0,2
535,10.0,10.0,1
536,9.0,10.0,7
537,6.0,10.0,3
538,8.0,10.0,9
539,10.0,9.0,5
540,10.0,10.0,4
541,0.0,3.0,2
542,10.0,8.0,9
543,0.0,2.0,3
544,2.0,3.0,5
545,0.0,5.0,1
546,9.0,10.0,4
547,8.0,10.0,3
548,8.0,8.0,10
549,9.0,10.0,1
550,9.0,10.0,0
551,10.0,10.0,1
552,5.0,3.0,8
553,10.0,8.0,0
554,9.0,10.0,5
555,10.0,6.0,7
556,0.0,3.0,3
557,10.0,6.0,10
558,1.0,4.0,9
559,10.0,10.0,0
560,10.0,7.0,4
561,10.0,10.0,8
562,8.0,9.0,0
563,9.0,9.0,5
564,8.0,7.0,0
565,5.0,2.0,10
566,4.0,4.0,7
567,8.0,10.0,6
568,9.0,10.0,6
569,0.0,2.0,0
570,10.0,10.0,10
571,9.0,7.0,7
572,6.0,10.0,7
573,10.0,9.0,9
574,9.0,10.0,8
575,4.0,1.0,10
576,10.0,9.0,9
577,10.0,10.0,10
578,10.0,10.0,5
579,9.0,10.0,8
580,1.0,3.0,10
581,5.0,1.0,3
582,10.0,9.0,10
583,10.0,9.0,7
584,10.0,10.0,1
585,10.0,10.0,9
586,8.0,8.0,1
587,9.0,10.0,7
588,9.0,10.0,2
589,10.0,8.0,2
590,9.0,10.0,4
591,6.0,7.0,10
592,9.0,10.0,8
593,10.0,10.0,0
594,0.0,5.0,1
595,2.0,6.0,1
596,10.0,9.0,6
597,10.0,9.0,9
598,9.0,9.0,7
599,9.0,10.0,7
600,9.0,10.0,10
601,10.0,7.0,5
602,10.0,10.0,1
603,5.0,2.0,0
604,10.0,9.0,4
605,10.0,10.0,2
606,2.0,2.0,5
607,9.0,9.0,2
608,8.0,10.0,7
609,0.0,3.0,8
610,9.0,8.0,10
611,10.0,8.0,8
612,10.0,10.0,9
613,0.0,4.0,2
614,9.0,10.0,1
615,1.0,2.0,1
616,2.0,3.0,3
617,10.0,10.0,9
618,0.0,4.0,5
619,8.0,10.0,5
620,10.0,10.0,2
621,10.0,7.0,9
622,5.0,1.0,3
623,9.0,9.0,4
624,9.0,8.0,3
625,10.0,10.0,4
626,8.0,8.0,0
627,8.0,8.0,10
628,10.0,9.0,2
629,3.0,2.0,4
630,9.0,9.0,3
631,10.0,9.0,7
632,3.0,3.0,7
633,3.0,4.0,7
634,8.0,10.0,0
635,7.0,6.0,4
636,10.0,9.0,8
637,10.0,8.0,7
638,9.0,9.0,6
639,4.0,1.0,10
640,8.0,10.0,4
641,7.0,10.0,8
642,0.0,5.0,0
643,5.0,2.0,3
644,10.0,10.0,6
645,9.0,10.0,1
646,9.0,7.0,1
647,10.0,10.0,2
648,9.0,9.0,9
649,9.0,7.0,9
650,10.0,7.0,5
651,10.0,9.0,3
652,9.0,10.0,6
653,9.0,10.0,9
654,10.0,9.0,3
655,10.0,10.0,6
656,10.0,10.0,4
657,10.0,9.0,9
658,4.0,5.0,8
659,0.0,6.0,8
660,10.0,10.0,0
661,1.0,3.0,7
662,6.0,9.0,0
663,4.0,1.0,1
664,1.0,2.0,0
665,10.0,6.0,3
666,8.0,6.0,0
667,1.0,2.0,6
668,10.0,7.0,1
669,10.0,9.0,7
670,8.0,8.0,2
671,10.0,9.0,8
672,7.0,9.0,5
673,10.0,9.0,5
674,10.0,9.0,0
675,0.0,4.0,2
676,6.0,9.0,7
677,8.0,10.0,8
678,10.0,6.0,9
679,8.0,10.0,2
680,2.0,3.0,0
681,10.0,9.0,4
682,10.0,8.0,9
683,3.0,2.0,0
684,10.0,8.0,10
685,1.0,1.0,3
686,5.0,1.0,1
687,2.0,2.0,9
688,10.0,9.0,6
689,10.0,10.0,5
690,7.0,9.0,7
691,10.0,10.0,7
692,4.0,4.0,6
693,10.0,10.0,7
694,0.0,2.0,0
695,10.0,10.0,1
696,10.0,6.0,5
697,9.0,10.0,8
698,10.0,10.0,9
699,10.0,7.0,0
700,10.0,8.0,6
701,8.0,10.0,1
702,10.0,10.0,3
703,5.0,2.0,9
704,10.0,10.0,6
705,4.0,1.0,7
706,0.0,1.0,7
707,5.0,3.0,9
708,8.0,10.0,0
709,0.0,4.0,3
710,2.0,3.0,6
711,10.0,9.0,4
712,5.0,1.0,10
713,10.0,10.0,3
714,10.0,8.0,4
715,10.0,10.0,8
716,8.0,10.0,6
717,5.0,2.0,9
718,4.0,4.0,10
719,9.0,8.0,2
720,10.0,9.0,1
721,9.0,10.0,0
722,9.0,10.0,7
723,4.0,5.0,3
724,8.0,8.0,3
725,6.0,7.0,2
726,10.0,10.0,0
727,7.0,10.0,1
728,9.0,7.0,5
729,10.0,10.0,8
730,6.0,9.0,4
731,10.0,9.0,2
732,10.0,10.0,1
733,0.0,5.0,1
734,10.0,10.0,9
735,0.0,2.0,6
736,10.0,6.0,2
737,10.0,9.0,2
738,10.0,10.0,0
739,10.0,9.0,10
740,5.0,2.0,1
741,10.0,10.0,5
742,2.0,1.0,8
743,9.0,10.0,3
744,4.0,4.0,2
745,2.0,5.0,10
746,8.0,10.0,10
747,9.0,8.0,2
748,7.0,10.0,3
749,8.0,9.0,7
750,10.0,10.0,6
751,3.0,4.0,6
752,10.0,9.0,9
753,6.0,8.0,2
754,8.0,10.0,1
755,4.0,2.0,6
756,10.0,10.0,1
757,8.0,9.0,0
758,10.0,9.0,4
759,0.0,2.0,4
760,9.0,10.0,10
761,0.0,3.0,9
762,10.0,7.0,1
763,10.0,6.0,7
764,10.0,10.0,8
765,10.0,6.0,10
766,0.0,3.0,5
767,4.0,2.0,9
768,10.0,10.0,0
769,0.0,2.0,9
770,10.0,10.0,5
771,3.0,1.0,10
772,9.0,9.0,7
773,10.0,8.0,4
774,0.0,6.0,3
775,9.0,9.0,10
776,10.0,10.0,7
777,10.0,7.0,0
778,9.0,6.0,1
779,10.0,10.0,2
780,10.0,7.0,7
781,10.0,8.0,2
782,10.0,10.0,1
783,9.0,10.0,1
784,10.0,10.0,7
785,10.0,10.0,4
786,9.0,10.0,6
787,10.0,9.0,9
788,10.0,10.0,6
789,10.0,9.0,1
790,10.0,8.0,7
791,0.0,2.0,3
792,5.0,5.0,8
793,8.0,7.0,6
794,3.0,1.0,0
795,10.0,9.0,5
796,0.0,1.0,10
797,10.0,10.0,5
798,0.0,1.0,6
799,8.0,10.0,1
800,6.0,10.0,10
801,9.0,10.0,3
802,1.0,4.0,10
803,8.0,10.0,1
804,10.0,6.0,7
805,9.0,10.0,7
806,10.0,10.0,9
807,10.0,10.0,3
808,4.0,1.0,7
809,10.0,8.0,2
810,10.0,6.0,1
811,8.0,10.0,4
812,0.0,3.0,0
813,0.0,1.0,3
814,8.0,10.0,1
815,9.0,6.0,8
816,7.0,6.0,9
817,9.0,10.0,0
818,10.0,8.0,1
819,3.0,2.0,8
820,10.0,10.0,2
821,10.0,9.0,4
822,5.0,4.0,0
823,10.0,10.0,8
824,10.0,8.0,5
825,10.0,10.0,7
826,2.0,3.0,4
827,10.0,8.0,3
828,8.0,9.0,1
829,10.0,10.0,7
830,1.0,4.0,6
831,10.0,10.0,6
832,9.0,9.0,7
833,10.0,10.0,2
834,9.0,9.0,3
835,3.0,4.0,8
836,10.0,10.0,9
837,10.0,10.0,4
838,10.0,10.0,3
839,9.0,7.0,7
840,10.0,10.0,0
841,10.0,9.0,0
842,10.0,9.0,10
843,10.0,9.0,0
844,1.0,1.0,2
845,10.0,7.0,7
846,10.0,10.0,10
847,8.0,10.0,10
848,9.0,8.0,0
849,10.0,9.0,10
850,10.0,9.0,5
851,9.0,9.0,8
852,10.0,10.0,2
853,0.0,2.0,9
854,8.0,8.0,10
855,9.0,9.0,0
856,9.0,9.0,7
857,10.0,10.0,6
858,0.0,1.0,9
859,10.0,9.0,8
860,10.0,9.0,5
861,10.0,9.0,9
862,8.0,9.0,6
863,10.0,10.0,10
864,10.0,10.0,8
865,10.0,10.0,9
866,0.0,5.0,0
867,10.0,10.0,3
868,10.0,6.0,4
869,10.0,10.0,1
870,1.0,4.0,5
871,8.0,10.0,6
872,10.0,10.0,9
873,10.0,6.0,3
874,9.0,10.0,1
875,6.0,10.0,8
876,10.0,10.0,9
877,1.0,2.0,6
878,0.0,3.0,0
879,10.0,9.0,1
880,10.0,8.0,5
881,10.0,6.0,3
882,10.0,9.0,1
883,7.0,10.0,10
884,9.0,10.0,1
885,0.0,2.0,9
886,0.0,1.0,6
887,0.0,3.0,9
888,1.0,2.0,4
889,0.0,3.0,4
890,0.0,6.0,5
891,0.0,3.0,2
892,10.0,10.0,4
893,9.0,10.0,4
894,10.0,9.0,6
895,1.0,2.0,1
896,9.0,8.0,6
897,10.0,7.0,9
898,0.0,3.0,0
899,0.0,2.0,8
900,0.0,2.0,5
901,6.0,9.0,6
902,1.0,2.0,9
903,8.0,10.0,9
904,10.0,10.0,5
905,9.0,10.0,2
906,10.0,9.0,1
907,10.0,8.0,9
908,9.0,10.0,10
909,10.0,9.0,0
910,0.0,6.0,9
911,9.0,9.0,10
912,10.0,10.0,3
913,1.0,4.0,2
914,2.0,3.0,2
915,9.0,10.0,10
916,10.0,8.0,3
917,10.0,10.0,8
918,10.0,7.0,7
919,10.0,10.0,8
920,6.0,6.0,9
921,0.0,2.0,2
922,1.0,3.0,0
923,8.0,9.0,4
924,10.0,10.0,5
925,2.0,1.0,9
926,10.0,8.0,0
927,9.0,10.0,7
928,6.0,9.0,4
929,3.0,2.0,10
930,8.0,9.0,0
931,9.0,9.0,1
932,10.0,8.0,5
933,10.0,10.0,6
934,9.0,9.0,2
935,10.0,10.0,8
936,9.0,10.0,9
937,8.0,9.0,5
938,10.0,9.0,4
939,10.0,10.0,5
940,5.0,1.0,2
941,5.0,2.0,7
942,10.0,10.0,4
943,9.0,10.0,8
944,8.0,10.0,0
945,1.0,6.0,3
946,5.0,2.0,4
947,0.0,4.0,1
948,7.0,8.0,7
949,7.0,8.0,5
950,10.0,8.0,2
951,8.0,8.0,10
952,10.0,10.0,3
953,10.0,10.0,2
954,10.0,10.0,1
955,2.0,2.0,3
956,9.0,8.0,1
957,8.0,8.0,5
958,4.0,4.0,9
959,8.0,8.0,8
960,10.0,9.0,3
961,10.0,9.0,4
962,10.0,9.0,3
963,9.0,10.0,9
964,9.0,10.0,4
965,5.0,1.0,1
966,10.0,10.0,2
967,3.0,1.0,8
968,10.0,10.0,6
969,2.0,1.0,7
970,8.0,9.0,0
971,8.0,10.0,3
972,3.0,4.0,7
973,8.0,10.0,2
974,0.0,2.0,5
975,0.0,2.0,3
976,10.0,10.0,1
977,10.0,10.0,10
978,7.0,10.0,7
979,10.0,9.0,8
980,10.0,10.0,8
981,10.0,10.0,7
982,6.0,10.0,1
983,9.0,10.0,10
984,10.0,9.0,6
985,10.0,6.0,10
986,10.0,10.0,7
987,1.0,2.0,5
988,9.0,10.0,9
989,10.0,9.0,4
990,9.0,9.0,4
991,7.0,9.0,0
992,10.0,9.0,1
993,9.0,9.0,5
994,8.0,10.0,5
995,9.0,8.0,6
996,6.0,10.0,8
997,0.0,4.0,7
998,8.0,9.0,4
999,9.0,8.0,9
1000,10.0,10.0,3
1001,9.0,10.0,7
1002,10.0,10.0,1
1003,7.0,10.0,0
1004,1.0,1.0,6
1005,10.0,10.0,3
1006,1.0,2.0,6
1007,8.0,10.0,0
1008,10.0,9.0,9
1009,0.0,3.0,3
1010,8.0,10.0,2
1011,6.0,9.0,0
1012,2.0,5.0,0
1013,10.0,9.0,0
1014,9.0,10.0,8
1015,9.0,8.0,8
1016,9.0,9.0,4
1017,7.0,10.0,4
1018,2.0,2.0,4
1019,5.0,2.0,8
1020,10.0,7.0,3
1021,10.0,9.0,7
1022,3.0,4.0,10
1023,10.0,9.0,5
1024,9.0,10.0,4
1025,10.0,10.0,1
1026,10.0,10.0,10
1027,6.0,9.0,0
1028,8.0,7.0,8
1029,4.0,2.0,3
1030,3.0,2.0,2
1031,1.0,2.0,4
1032,10.0,8.0,8
1033,8.0,8.0,8
1034,3.0,1.0,6
1035,9.0,9.0,2
1036,9.0,10.0,7
1037,5.0,1.0,5
1038,10.0,9.0,5
1039,9.0,10.0,7
1040,10.0,10.0,8
1041,10.0,7.0,5
1042,9.0,7.0,9
1043,10.0,10.0,3
1044,10.0,10.0,4
1045,9.0,8.0,9
1046,10.0,10.0,1
1047,9.0,10.0,0
1048,10.0,10.0,1
1049,10.0,8.0,3
1050,9.0,9.0,3
1051,10.0,9.0,10
1052,0.0,2.0,7
1053,0.0,2.0,2
1054,8.0,10.0,3
1055,8.0,9.0,0
1056,10.0,10.0,0
1057,0.0,2.0,6
1058,10.0,9.0,1
1059,10.0,10.0,3
1060,3.0,4.0,4
1061,0.0,5.0,6
1062,10.0,10.0,5
1063,10.0,10.0,4
1064,10.0,10.0,3
1065,10.0,9.0,6
1066,10.0,7.0,4
1067,9.0,10.0,8
1068,9.0,9.0,7
1069,10.0,6.0,6
1070,10.0,10.0,6
1071,0.0,1.0,10
1072,10.0,10.0,8
1073,9.0,10.0,3
1074,10.0,10.0,0
1075,9.0,10.0,2
1076,10.0,10.0,1
1077,10.0,8.0,7
1078,4.0,1.0,8
1079,10.0,9.0,5
1080,10.0,9.0,3
1081,8.0,9.0,0
1082,3.0,5.0,4
1083,10.0,8.0,0
1084,9.0,10.0,7
1085,9.0,10.0,4
1086,1.0,3.0,3
1087,10.0,9.0,5
1088,10.0,10.0,1
1089,3.0,3.0,7
1090,10.0,10.0,6
1091,0.0,3.0,9
1092,9.0,9.0,4
1093,0.0,3.0,1
1094,7.0,10.0,2
1095,10.0,7.0,5
1096,9.0,7.0,3
1097,10.0,10.0,8
1098,10.0,10.0,3
1099,10.0,10.0,2
1100,2.0,1.0,7
1101,10.0,10.0,0
1102,10.0,10.0,0
1103,0.0,5.0,4
1104,10.0,10.0,10
1105,10.0,9.0,6
1106,1.0,2.0,6
1107,10.0,10.0,6
1108,10.0,6.0,6
1109,10.0,10.0,9
1110,4.0,1.0,8
1111,9.0,9.0,0
1112,9.0,10.0,8
1113,10.0,8.0,9
1114,10.0,6.0,7
1115,10.0,9.0,1
1116,10.0,10.0,9
1117,10.0,10.0,8
1118,9.0,9.0,3
1119,0.0,3.0,4
1120,6.0,9.0,10
1121,8.0,7.0,9
1122,0.0,1.0,9
1123,10.0,10.0,2
1124,0.0,1.0,1
1125,0.0,5.0,4
1126,9.0,10.0,1
1127,10.0,10.0,5
1128,10.0,10.0,2
1129,10.0,8.0,1
1130,10.0,9.0,2
1131,2.0,2.0,10
1132,9.0,8.0,5
1133,1.0,4.0,6
1134,10.0,10.0,3
1135,10.0,9.0,10
1136,9.0,10.0,6
1137,10.0,9.0,6
1138,10.0,7.0,4
1139,10.0,9.0,5
1140,3.0,2.0,1
1141,3.0,2.0,10
1142,10.0,7.0,1
1143,10.0,10.0,8
1144,10.0,6.0,5
1145,8.0,10.0,10
1146,0.0,4.0,3
1147,10.0,10.0,2
1148,0.0,3.0,10
1149,10.0,8.0,5
1150,0.0,3.0,10
1151,10.0,8.0,2
1152,3.0,2.0,0
1153,10.0,9.0,4
1154,8.0,10.0,9
1155,10.0,8.0,3
1156,9.0,10.0,6
1157,10.0,10.0,6
1158,10.0,10.0,6
1159,10.0,10.0,2
1160,5.0,6.0,1
1161,8.0,10.0,9
1162,9.0,10.0,2
1163,1.0,1.0,5
1164,8.0,10.0,2
1165,10.0,10.0,3
1166,10.0,10.0,7
1167,1.0,3.0,4
1168,9.0,8.0,6
1169,10.0,9.0,7
1170,9.0,10.0,2
1171,8.0,9.0,4
1172,3.0,4.0,7
1173,9.0,10.0,6
1174,4.0,5.0,2
1175,10.0,9.0,3
1176,10.0,10.0,9
1177,10.0,10.0,9
1178,0.0,5.0,1
1179,10.0,8.0,3
1180,10.0,10.0,3
1181,10.0,9.0,1
1182,4.0,1.0,10
1183,10.0,10.0,1
1184,10.0,8.0,8
1185,10.0,8.0,0
1186,7.0,10.0,0
1187,10.0,10.0,5
1188,3.0,1.0,1
1189,7.0,10.0,0
1190,10.0,8.0,6
1191,10.0,10.0,3
1192,0.0,3.0,5
1193,10.0,9.0,4
1194,0.0,5.0,6
1195,10.0,10.0,3
1196,8.0,10.0,4
1197,0.0,2.0,9
1198,10.0,10.0,3
1199,10.0,6.0,3
1200,7.0,9.0,8
1201,10.0,10.0,3
1202,8.0,10.0,0
1203,10.0,9.0,2
1204,10.0,6.0,7
1205,10.0,10.0,3
1206,10.0,10.0,3
1207,10.0,10.0,4
1208,10.0,10.0,0
1209,9.0,10.0,9
1210,10.0,10.0,9
1211,10.0,10.0,1
1212,10.0,9.0,1
1213,7.0,9.0,4
1214,10.0,9.0,0
1215,10.0,9.0,6
1216,0.0,2.0,3
1217,10.0,7.0,8
1218,8.0,7.0,7
1219,10.0,9.0,7
1220,10.0,10.0,1
1221,10.0,10.0,6
1222,10.0,10.0,3
1223,10.0,8.0,3
1224,10.0,9.0,8
1225,2.0,2.0,5
1226,9.0,10.0,8
1227,5.0,5.0,7
1228,9.0,10.0,3
1229,0.0,1.0,10
1230,9.0,10.0,5
1231,0.0,2.0,5
1232,1.0,3.0,6
1233,0.0,3.0,10
1234,10.0,9.0,6
1235,9.0,10.0,10
1236,10.0,9.0,8
1237,9.0,9.0,10
1238,10.0,6.0,4
1239,7.0,9.0,10
1240,2.0,4.0,4
1241,3.0,3.0,9
1242,10.0,10.0,0
1243,10.0,10.0,1
1244,10.0,9.0,9
1245,0.0,4.0,1
1246,10.0,9.0,4
1247,10.0,6.0,5
1248,10.0,9.0,3
1249,0.0,4.0,4
1250,10.0,10.0,6
1251,10.0,6.0,4
1252,0.0,2.0,0
1253,6.0,10.0,0
1254,9.0,6.0,0
1255,9.0,10.0,2
1256,2.0,6.0,8
1257,8.0,10.0,2
1258,7.0,10.0,3
1259,10.0,10.0,4
1260,7.0,8.0,8
1261,10.0,7.0,3
1262,10.0,10.0,8
1263,0.0,2.0,2
1264,8.0,7.0,1
1265,1.0,2.0,4
1266,3.0,2.0,1
1267,6.0,10.0,2
1268,10.0,6.0,5
1269,10.0,9.0,3
1270,9.0,9.0,1
1271,10.0,9.0,9
1272,10.0,7.0,2
1273,8.0,8.0,8
1274,1.0,1.0,1
1275,3.0,2.0,3
1276,10.0,9.0,10
1277,8.0,10.0,8
1278,10.0,10.0,1
1279,10.0,10.0,4
1280,10.0,10.0,7
1281,10.0,9.0,9
1282,10.0,10.0,8
1283,3.0,2.0,8
1284,10.0,10.0,8
1285,1.0,5.0,9
1286,6.0,10.0,7
1287,10.0,7.0,4
1288,9.0,10.0,0
1289,10.0,7.0,5
1290,9.0,10.0,0
1291,9.0,10.0,1
1292,8.0,10.0,10
1293,5.0,1.0,9
1294,10.0,7.0,0
1295,10.0,10.0,2
1296,10.0,10.0,8
1297,10.0,9.0,1
1298,10.0,10.0,2
1299,10.0,10.0,6
1300,4.0,2.0,4
1301,0.0,2.0,5
1302,0.0,1.0,5
1303,10.0,10.0,5
1304,10.0,10.0,8
1305,9.0,6.0,5
1306,7.0,6.0,6
1307,10.0,9.0,8
1308,10.0,10.0,7
1309,0.0,4.0,10
1310,10.0,6.0,6
1311,10.0,10.0,6
1312,10.0,10.0,9
1313,10.0,8.0,6
1314,10.0,9.0,1
1315,10.0,10.0,4
1316,9.0,10.0,0
1317,7.0,10.0,6
1318,9.0,10.0,3
1319,10.0,6.0,2
1320,10.0,8.0,5
1321,10.0,8.0,7
1322,10.0,9.0,0
1323,10.0,10.0,8
1324,10.0,10.0,6
1325,10.0,9.0,8
1326,3.0,4.0,2
1327,1.0,5.0,2
1328,10.0,10.0,6
1329,10.0,8.0,5
1330,5.0,3.0,10
1331,10.0,10.0,8
1332,10.0,10.0,4
1333,7.0,9.0,3
1334,4.0,2.0,3
1335,3.0,3.0,2
1336,10.0,6.0,3
1337,2.0,4.0,9
1338,0.0,3.0,10
1339,9.0,7.0,2
1340,10.0,10.0,2
1341,7.0,9.0,8
1342,10.0,9.0,8
1343,10.0,10.0,4
1344,0.0,2.0,5
1345,10.0,9.0,3
1346,9.0,10.0,0
1347,10.0,9.0,10
1348,8.0,8.0,8
1349,10.0,10.0,9
1350,10.0,8.0,0
1351,10.0,10.0,4
1352,3.0,3.0,10
1353,9.0,9.0,0
1354,9.0,10.0,5
1355,10.0,10.0,3
1356,10.0,9.0,10
1357,10.0,10.0,7
1358,10.0,10.0,10
1359,10.0,6.0,6
1360,10.0,10.0,0
1361,10.0,8.0,4
1362,10.0,8.0,3
1363,8.0,10.0,0
1364,9.0,10.0,10
1365,4.0,4.0,4
1366,4.0,2.0,4
1367,10.0,9.0,8
1368,10.0,9.0,4
1369,8.0,10.0,5
1370,10.0,6.0,5
1371,10.0,9.0,7
1372,8.0,9.0,2
1373,9.0,10.0,4
1374,10.0,9.0,8
1375,10.0,10.0,6
1376,0.0,2.0,3
1377,9.0,10.0,5
1378,0.0,1.0,2
1379,8.0,9.0,9
1380,10.0,10.0,7
1381,5.0,1.0,3
1382,10.0,8.0,9
1383,9.0,10.0,10
1384,8.0,8.0,9
1385,5.0,4.0,3
1386,9.0,9.0,2
1387,10.0,10.0,7
1388,10.0,6.0,1
1389,7.0,9.0,2
1390,0.0,4.0,5
1391,8.0,9.0,8
1392,7.0,10.0,1
1393,9.0,10.0,6
1394,5.0,4.0,5
1395,10.0,10.0,8
1396,8.0,7.0,9
1397,10.0,10.0,10
1398,5.0,2.0,2
1399,10.0,9.0,2
1400,0.0,1.0,9
1401,10.0,9.0,6
1402,10.0,10.0,1
1403,10.0,8.0,1
1404,10.0,8.0,5
1405,9.0,10.0,0
1406,10.0,10.0,1
1407,10.0,10.0,1
1408,9.0,9.0,0
1409,8.0,10.0,2
1410,10.0,7.0,5
1411,9.0,7.0,3
1412,0.0,2.0,4
1413,10.0,9.0,8
1414,9.0,10.0,1
1415,10.0,9.0,3
1416,8.0,10.0,1
1417,4.0,1.0,5
1418,10.0,9.0,5
1419,2.0,5.0,7
1420,8.0,7.0,9
1421,10.0,9.0,9
1422,10.0,6.0,2
1423,10.0,7.0,4
1424,10.0,7.0,2
1425,0.0,2.0,8
1426,8.0,10.0,6
1427,9.0,10.0,5
1428,9.0,10.0,10
1429,2.0,5.0,8
1430,10.0,10.0,1
1431,8.0,9.0,2
1432,9.0,10.0,4
1433,10.0,10.0,9
1434,10.0,6.0,1
1435,10.0,10.0,4
1436,10.0,9.0,4
1437,0.0,4.0,9
1438,10.0,10.0,1
1439,7.0,10.0,7
1440,9.0,8.0,0
1441,9.0,10.0,2
1442,2.0,3.0,3
1443,10.0,10.0,4
1444,5.0,3.0,5
1445,1.0,1.0,7
1446,8.0,10.0,5
1447,10.0,10.0,1
1448,3.0,4.0,6
1449,0.0,2.0,3
1450,10.0,9.0,2
1451,0.0,5.0,2
1452,10.0,7.0,5
1453,4.0,2.0,10
1454,0.0,2.0,5
1455,10.0,10.0,1
1456,9.0,10.0,8
1457,0.0,2.0,1
1458,8.0,9.0,7
1459,10.0,7.0,2
1460,10.0,10.0,2
1461,10.0,10.0,3
1462,8.0,9.0,7
1463,10.0,10.0,8
1464,0.0,2.0,0
1465,9.0,10.0,0
1466,10.0,10.0,5
1467,9.0,9.0,8
1468,8.0,9.0,9
1469,3.0,2.0,7
1470,8.0,10.0,7
1471,5.0,1.0,10
1472,10.0,6.0,2
1473,10.0,9.0,0
1474,9.0,10.0,2
1475,10.0,10.0,6
1476,9.0,10.0,1
1477,3.0,4.0,6
1478,10.0,10.0,10
1479,9.0,10.0,7
1480,1.0,4.0,4
1481,3.0,5.0,9
1482,9.0,10.0,9
1483,9.0,6.0,10
1484,9.0,8.0,8
1485,9.0,10.0,9
1486,8.0,10.0,6
1487,10.0,9.0,10
1488,0.0,2.0,6
1489,10.0,6.0,2
1490,1.0,1.0,10
1491,9.0,8.0,7
1492,10.0,8.0,6
1493,9.0,8.0,2
1494,0.0,2.0,4
1495,8.0,10.0,2
1496,9.0,9.0,5
1497,10.0,9.0,10
1498,10.0,9.0,3
1499,0.0,2.0,9
1500,4.0,2.0,6
1501,10.0,6.0,7
1502,9.0,7.0,7
1503,9.0,9.0,4
1504,0.0,4.0,8
1505,10.0,10.0,2
1506,3.0,3.0,7
1507,10.0,6.0,5
1508,9.0,9.0,5
1509,0.0,2.0,4
1510,9.0,10.0,6
1511,10.0,10.0,5
1512,10.0,10.0,2
1513,10.0,10.0,3
1514,8.0,6.0,10
1515,10.0,9.0,10
1516,10.0,8.0,5
1517,8.0,9.0,8
1518,9.0,10.0,1
1519,10.0,9.0,5
1520,0.0,4.0,5
1521,4.0,3.0,3
1522,8.0,10.0,1
1523,10.0,10.0,4
1524,10.0,7.0,9
1525,0.0,1.0,0
1526,9.0,10.0,0
1527,8.0,9.0,10
1528,10.0,10.0,1
1529,3.0,2.0,6
1530,8.0,9.0,2
1531,10.0,10.0,9
1532,9.0,9.0,5
1533,10.0,10.0,0
1534,4.0,4.0,10
1535,10.0,9.0,5
1536,9.0,10.0,7
1537,10.0,10.0,8
1538,10.0,7.0,8
1539,10.0,6.0,2
1540,9.0,9.0,2
1541,10.0,10.0,2
1542,10.0,10.0,1
1543,10.0,10.0,1
1544,10.0,9.0,10
1545,10.0,10.0,5
1546,0.0,4.0,5
1547,9.0,10.0,10
1548,10.0,8.0,2
1549,10.0,10.0,8
1550,10.0,10.0,5
1551,10.0,10.0,0
1552,10.0,9.0,0
1553,8.0,9.0,4
1554,10.0,10.0,6
1555,10.0,10.0,10
1556,10.0,10.0,1
1557,7.0,10.0,6
1558,2.0,2.0,7
1559,4.0,2.0,3
1560,10.0,10.0,3
1561,9.0,7.0,7
1562,9.0,8.0,10
1563,9.0,10.0,5
1564,9.0,9.0,3
1565,10.0,10.0,1
1566,6.0,10.0,8
1567,10.0,9.0,3
1568,10.0,10.0,3
1569,5.0,1.0,8
1570,5.0,3.0,6
1571,9.0,10.0,10
1572,0.0,3.0,6
1573,9.0,9.0,3
1574,10.0,6.0,7
1575,3.0,4.0,10
1576,0.0,2.0,4
1577,10.0,10.0,1
1578,6.0,9.0,3
1579,8.0,6.0,3
1580,10.0,6.0,9
1581,5.0,1.0,6
1582,10.0,10.0,8
1583,6.0,9.0,8
1584,10.0,10.0,0
1585,0.0,3.0,5
1586,4.0,1.0,3
1587,9.0,10.0,2
1588,10.0,10.0,5
1589,9.0,10.0,9
1590,10.0,10.0,6
1591,9.0,10.0,9
1592,8.0,9.0,0
1593,9.0,10.0,0
1594,10.0,10.0,3
1595,10.0,10.0,4
1596,9.0,10.0,4
1597,0.0,1.0,8
1598,10.0,8.0,9
1599,10.0,10.0,8
1600,1.0,2.0,3
1601,10.0,8.0,7
1602,10.0,10.0,7
1603,3.0,4.0,6
1604,1.0,4.0,10
1605,8.0,10.0,2
1606,10.0,10.0,4
1607,10.0,7.0,7
1608,10.0,10.0,5
1609,0.0,5.0,9
1610,10.0,10.0,5
1611,10.0,10.0,5
1612,4.0,3.0,5
1613,10.0,10.0,5
1614,8.0,9.0,1
1615,10.0,10.0,6
1616,9.0,9.0,0
1617,10.0,9.0,3
1618,5.0,1.0,6
1619,8.0,10.0,4
1620,10.0,8.0,1
1621,6.0,8.0,10
1622,3.0,6.0,1
1623,0.0,3.0,7
1624,10.0,9.0,2
1625,9.0,10.0,4
1626,10.0,8.0,10
1627,9.0,10.0,10
1628,10.0,7.0,7
1629,10.0,9.0,3
1630,8.0,10.0,3
1631,10.0,7.0,4
1632,10.0,9.0,4
1633,9.0,9.0,10
1634,9.0,8.0,2
1635,6.0,7.0,10
1636,10.0,8.0,6
1637,10.0,9.0,8
1638,7.0,10.0,2
1639,10.0,10.0,6
1640,10.0,9.0,7
1641,9.0,7.0,4
1642,10.0,10.0,6
1643,0.0,2.0,6
1644,10.0,6.0,7
1645,10.0,10.0,5
1646,10.0,9.0,1
1647,2.0,5.0,3
1648,9.0,10.0,10
1649,9.0,9.0,9
1650,10.0,6.0,2
1651,0.0,3.0,5
1652,3.0,3.0,8
1653,8.0,9.0,9
1654,10.0,7.0,5
1655,4.0,1.0,7
1656,4.0,1.0,2
1657,10.0,10.0,9
1658,1.0,1.0,9
1659,10.0,10.0,7
1660,9.0,10.0,5
1661,4.0,1.0,5
1662,10.0,10.0,3
1663,8.0,9.0,7
1664,10.0,10.0,9
1665,0.0,1.0,9
1666,0.0,2.0,4
1667,10.0,6.0,6
1668,10.0,9.0,10
1669,0.0,2.0,3
1670,10.0,10.0,8
1671,10.0,9.0,8
1672,10.0,10.0,0
1673,1.0,2.0,7
1674,9.0,10.0,10
1675,10.0,10.0,4
1676,10.0,10.0,1
1677,10.0,9.0,1
1678,10.0,10.0,2
1679,9.0,9.0,4
1680,9.0,9.0,3
1681,9.0,10.0,1
1682,0.0,2.0,10
1683,3.0,4.0,2
1684,5.0,1.0,7
1685,8.0,10.0,10
1686,0.0,2.0,4
1687,0.0,2.0,4
1688,6.0,10.0,6
1689,10.0,10.0,3
1690,10.0,9.0,4
1691,9.0,10.0,1
1692,10.0,7.0,3
1693,0.0,3.0,4
1694,1.0,2.0,5
1695,10.0,8.0,0
1696,10.0,9.0,4
1697,9.0,10.0,8
1698,1.0,5.0,10
1699,0.0,4.0,7
1700,10.0,8.0,1
1701,9.0,10.0,9
1702,10.0,10.0,3
1703,5.0,4.0,3
1704,10.0,10.0,0
1705,10.0,9.0,1
1706,9.0,7.0,0
1707,0.0,2.0,3
1708,10.0,9.0,3
1709,10.0,8.0,4
1710,2.0,5.0,0
1711,9.0,10.0,10
1712,0.0,3.0,10
1713,0.0,5.0,1
1714,10.0,10.0,10
1715,10.0,9.0,10
1716,9.0,8.0,1
1717,10.0,9.0,1
1718,0.0,5.0,7
1719,0.0,4.0,1
1720,10.0,9.0,10
1721,10.0,8.0,9
1722,0.0,4.0,0
1723,3.0,5.0,6
1724,10.0,9.0,7
1725,10.0,9.0,8
1726,0.0,2.0,9
1727,7.0,10.0,5
1728,8.0,9.0,10
1729,6.0,9.0,8
1730,10.0,9.0,3
1731,10.0,10.0,0
1732,5.0,2.0,1
1733,10.0,10.0,0
1734,10.0,10.0,6
1735,4.0,1.0,10
1736,9.0,10.0,0
1737,10.0,9.0,7
1738,10.0,9.0,6
1739,8.0,10.0,6
1740,10.0,9.0,6
1741,10.0,10.0,1
1742,10.0,10.0,4
1743,10.0,10.0,8
1744,10.0,10.0,2
1745,10.0,10.0,5
1746,10.0,9.0,5
1747,10.0,9.0,10
1748,3.0,3.0,9
1749,0.0,3.0,6
1750,0.0,4.0,0
1751,10.0,9.0,8
1752,0.0,4.0,4
1753,0.0,3.0,7
1754,0.0,5.0,1
1755,10.0,10.0,5
1756,9.0,9.0,6
1757,4.0,3.0,3
1758,7.0,9.0,4
1759,10.0,10.0,8
1760,10.0,9.0,4
1761,9.0,9.0,9
1762,10.0,10.0,0
1763,10.0,7.0,1
1764,3.0,4.0,7
1765,3.0,1.0,0
1766,10.0,9.0,10
1767,10.0,9.0,8
1768,6.0,9.0,7
1769,0.0,4.0,10
1770,10.0,9.0,10
1771,10.0,9.0,0
1772,10.0,9.0,2
1773,10.0,9.0,10
1774,9.0,9.0,7
1775,8.0,10.0,3
1776,3.0,2.0,3
1777,10.0,8.0,6
1778,10.0,10.0,8
1779,4.0,1.0,0
1780,10.0,8.0,0
1781,10.0,8.0,0
1782,9.0,10.0,4
1783,10.0,10.0,6
1784,0.0,2.0,2
1785,3.0,1.0,3
1786,10.0,8.0,3
1787,0.0,1.0,5
1788,1.0,1.0,1
1789,4.0,2.0,5
1790,10.0,10.0,3
1791,10.0,10.0,1
1792,10.0,10.0,2
1793,10.0,10.0,5
1794,10.0,9.0,1
1795,2.0,2.0,1
1796,9.0,10.0,0
1797,10.0,10.0,6
1798,6.0,10.0,3
1799,7.0,10.0,9
1800,9.0,9.0,1
1801,4.0,2.0,3
1802,4.0,3.0,5
1803,10.0,9.0,0
1804,10.0,10.0,9
1805,10.0,10.0,7
1806,9.0,10.0,0
1807,6.0,6.0,7
1808,10.0,7.0,2
1809,9.0,10.0,8
1810,10.0,10.0,3
1811,10.0,10.0,10
1812,3.0,1.0,10
1813,10.0,10.0,4
1814,0.0,2.0,0
1815,10.0,9.0,3
1816,10.0,9.0,6
1817,9.0,10.0,3
1818,10.0,7.0,7
1819,10.0,9.0,3
1820,10.0,10.0,0
1821,10.0,9.0,5
1822,10.0,9.0,6
1823,9.0,8.0,10
1824,4.0,5.0,6
1825,10.0,6.0,1
1826,10.0,10.0,1
1827,10.0,10.0,7
1828,10.0,9.0,5
1829,8.0,10.0,1
1830,10.0,8.0,5
1831,4.0,5.0,1
1832,9.0,9.0,3
1833,1.0,3.0,5
1834,1.0,1.0,3
1835,0.0,2.0,5
1836,1.0,5.0,5
1837,0.0,3.0,9
1838,5.0,1.0,9
1839,10.0,10.0,7
1840,2.0,5.0,0
1841,9.0,10.0,2
1842,10.0,7.0,7
1843,9.0,10.0,3
1844,0.0,4.0,1
1845,10.0,10.0,4
1846,10.0,9.0,10
1847,10.0,10.0,1
1848,7.0,8.0,9
1849,0.0,2.0,3
1850,10.0,6.0,7
1851,0.0,6.0,0
1852,10.0,8.0,8
1853,10.0,10.0,8
1854,7.0,9.0,2
1855,7.0,8.0,2
1856,10.0,10.0,10
1857,9.0,10.0,4
1858,8.0,10.0,6
1859,8.0,10.0,4
1860,10.0,10.0,4
1861,10.0,7.0,10
1862,10.0,9.0,0
1863,8.0,8.0,5
1864,10.0,10.0,5
1865,10.0,7.0,2
1866,10.0,10.0,4
1867,0.0,3.0,10
1868,0.0,6.0,9
1869,5.0,3.0,9
1870,10.0,8.0,0
1871,10.0,10.0,0
1872,0.0,2.0,8
1873,10.0,10.0,10
1874,10.0,10.0,8
1875,9.0,9.0,7
1876,10.0,8.0,10
1877,10.0,9.0,2
1878,10.0,8.0,2
1879,8.0,7.0,9
1880,10.0,9.0,6
1881,10.0,9.0,3
1882,0.0,2.0,4
1883,10.0,9.0,10
1884,10.0,9.0,2
1885,8.0,8.0,8
1886,3.0,2.0,4
1887,8.0,7.0,9
1888,6.0,8.0,0
1889,10.0,9.0,4
1890,9.0,10.0,6
1891,10.0,9.0,0
1892,8.0,10.0,10
1893,10.0,10.0,0
1894,9.0,9.0,5
1895,10.0,9.0,2
1896,10.0,10.0,3
1897,10.0,8.0,7
1898,8.0,10.0,3
1899,0.0,3.0,2
1900,10.0,10.0,10
1901,9.0,10.0,4
1902,10.0,10.0,9
1903,2.0,4.0,8
1904,1.0,1.0,9
1905,10.0,10.0,1
1906,10.0,10.0,6
1907,8.0,10.0,2
1908,0.0,2.0,8
1909,10.0,9.0,1
1910,10.0,9.0,8
1911,9.0,10.0,3
1912,9.0,9.0,7
1913,0.0,2.0,1
1914,10.0,10.0,1
1915,10.0,10.0,7
1916,0.0,3.0,2
1917,0.0,4.0,4
1918,9.0,10.0,2
1919,10.0,9.0,3
1920,10.0,9.0,10
1921,10.0,10.0,7
1922,9.0,10.0,10
1923,10.0,10.0,10
1924,10.0,10.0,3
1925,10.0,9.0,2
1926,8.0,9.0,4
1927,10.0,9.0,1
1928,10.0,7.0,5
1929,10.0,8.0,4
1930,10.0,8.0,3
1931,0.0,2.0,6
1932,10.0,9.0,0
1933,7.0,8.0,2
1934,10.0,9.0,7
1935,6.0,9.0,4
1936,10.0,9.0,2
1937,3.0,2.0,6
1938,6.0,10.0,10
1939,10.0,9.0,6
1940,1.0,1.0,6
1941,9.0,8.0,6
1942,7.0,9.0,1
1943,7.0,9.0,4
1944,3.0,4.0,7
1945,9.0,10.0,2
1946,10.0,10.0,3
1947,10.0,9.0,6
1948,10.0,9.0,7
1949,0.0,4.0,9
1950,1.0,4.0,3
1951,8.0,7.0,1
1952,10.0,10.0,8
1953,9.0,9.0,2
1954,0.0,4.0,0
1955,0.0,2.0,0
1956,9.0,10.0,9
1957,10.0,10.0,5
1958,10.0,10.0,7
1959,10.0,6.0,5
1960,10.0,10.0,5
1961,8.0,9.0,10
1962,8.0,9.0,3
1963,1.0,4.0,5
1964,10.0,10.0,9
1965,10.0,8.0,0
1966,0.0,1.0,3
1967,10.0,10.0,5
1968,10.0,10.0,9
1969,10.0,9.0,6
1970,9.0,8.0,4
1971,10.0,9.0,4
1972,9.0,10.0,8
1973,10.0,7.0,3
1974,1.0,5.0,2
1975,0.0,3.0,2
1976,5.0,1.0,4
1977,9.0,9.0,3
1978,0.0,4.0,4
1979,8.0,7.0,2
1980,5.0,4.0,0
1981,9.0,8.0,4
1982,10.0,8.0,2
1983,0.0,2.0,5
1984,10.0,10.0,2
1985,6.0,9.0,10
1986,10.0,8.0,2
1987,4.0,5.0,1
1988,5.0,4.0,8
1989,8.0,10.0,5
1990,10.0,9.0,9
1991,5.0,2.0,6
1992,0.0,2.0,9
1993,10.0,10.0,10
1994,10.0,10.0,6
1995,1.0,4.0,3
1996,10.0,10.0,6
1997,10.0,10.0,10
1998,10.0,8.0,5
1999,10.0,10.0,4
2000,10.0,9.0,1
2001,10.0,6.0,9
2002,1.0,5.0,8
2003,9.0,9.0,10
2004,10.0,10.0,10
2005,10.0,10.0,6
2006,10.0,8.0,10
2007,9.0,8.0,7
2008,10.0,7.0,6
2009,10.0,10.0,2
2010,10.0,9.0,4
2011,6.0,10.0,9
2012,10.0,10.0,3
2013,10.0,10.0,0
2014,2.0,5.0,10
2015,9.0,7.0,3
2016,10.0,10.0,4
2017,10.0,10.0,2
2018,10.0,9.0,4
2019,7.0,10.0,8
2020,10.0,10.0,2
2021,8.0,10.0,7
2022,2.0,1.0,2
2023,9.0,10.0,1
2024,0.0,3.0,0
2025,10.0,10.0,5
2026,9.0,9.0,0
2027,4.0,1.0,5
2028,8.0,9.0,7
2029,8.0,7.0,6
2030,0.0,2.0,3
2031,9.0,10.0,10
2032,10.0,10.0,7
2033,10.0,10.0,9
2034,9.0,10.0,0
2035,7.0,10.0,9
2036,10.0,9.0,1
2037,9.0,10.0,5
2038,10.0,10.0,9
2039,9.0,9.0,10
2040,1.0,2.0,5
2041,8.0,10.0,6
2042,10.0,10.0,9
2043,8.0,8.0,5
2044,10.0,9.0,1
2045,10.0,9.0,9
2046,4.0,1.0,1
2047,7.0,10.0,9
2048,9.0,10.0,9
2049,1.0,1.0,8
2050,10.0,9.0,7
2051,4.0,1.0,7
2052,10.0,10.0,10
2053,10.0,8.0,6
2054,9.0,9.0,3
2055,9.0,9.0,9
2056,0.0,2.0,8
2057,6.0,8.0,10
2058,8.0,7.0,4
2059,9.0,7.0,0
2060,10.0,10.0,7
2061,10.0,6.0,8
2062,10.0,9.0,5
2063,2.0,5.0,9
2064,10.0,10.0,9
2065,8.0,9.0,2
2066,1.0,1.0,4
2067,10.0,8.0,0
2068,10.0,10.0,1
2069,9.0,10.0,6
2070,7.0,10.0,10
2071,10.0,10.0,7
2072,9.0,9.0,0
2073,10.0,8.0,7
2074,10.0,9.0,3
2075,1.0,1.0,9
2076,1.0,4.0,5
2077,8.0,9.0,2
2078,8.0,10.0,7
2079,10.0,8.0,5
2080,8.0,6.0,2
2081,9.0,10.0,6
2082,10.0,8.0,4
2083,10.0,9.0,4
2084,10.0,7.0,7
2085,8.0,9.0,4
2086,9.0,8.0,9
2087,5.0,2.0,1
2088,8.0,10.0,2
2089,9.0,10.0,4
2090,9.0,9.0,9
2091,6.0,8.0,7
2092,9.0,10.0,5
2093,5.0,1.0,1
2094,8.0,10.0,3
2095,0.0,1.0,7
2096,1.0,2.0,2
2097,1.0,1.0,6
2098,4.0,3.0,4
2099,1.0,4.0,10
2100,7.0,9.0,7
2101,1.0,3.0,6
2102,0.0,5.0,6
2103,0.0,1.0,1
2104,9.0,10.0,0
2105,9.0,6.0,8
2106,10.0,10.0,4
2107,10.0,9.0,4
2108,1.0,3.0,6
2109,10.0,6.0,5
2110,9.0,10.0,4
2111,3.0,5.0,6
2112,8.0,10.0,8
2113,0.0,2.0,3
2114,10.0,10.0,9
2115,8.0,10.0,2
2116,10.0,9.0,5
2117,10.0,9.0,0
2118,10.0,10.0,3
2119,10.0,10.0,4
2120,10.0,10.0,10
2121,4.0,4.0,1
2122,10.0,8.0,9
2123,8.0,10.0,5
2124,9.0,10.0,3
2125,9.0,8.0,5
2126,0.0,1.0,9
2127,10.0,10.0,0
2128,10.0,7.0,1
2129,4.0,2.0,7
2130,9.0,10.0,2
2131,10.0,10.0,5
2132,1.0,3.0,8
2133,10.0,10.0,7
2134,8.0,9.0,5
2135,10.0,9.0,3
2136,10.0,7.0,0
2137,0.0,3.0,5
2138,10.0,9.0,2
2139,0.0,3.0,1
2140,9.0,10.0,0
2141,9.0,10.0,4
2142,10.0,10.0,10
2143,8.0,8.0,2
2144,10.0,10.0,0
2145,10.0,8.0,9
2146,9.0,10.0,2
2147,10.0,10.0,4
2148,0.0,4.0,5
2149,9.0,9.0,2
2150,9.0,9.0,10
2151,9.0,10.0,6
2152,10.0,10.0,6
2153,10.0,9.0,10
2154,9.0,10.0,1
2155,10.0,10.0,3
2156,0.0,2.0,8
2157,10.0,9.0,4
2158,10.0,10.0,5
2159,10.0,10.0,4
2160,5.0,4.0,0
2161,2.0,2.0,7
2162,5.0,1.0,1
2163,10.0,10.0,5
2164,0.0,1.0,9
2165,9.0,10.0,4
2166,10.0,10.0,6
2167,9.0,10.0,7
2168,10.0,10.0,8
2169,10.0,10.0,10
2170,9.0,10.0,9
2171,4.0,2.0,1
2172,3.0,1.0,5
2173,10.0,10.0,10
2174,1.0,1.0,6
2175,10.0,9.0,2
2176,10.0,10.0,2
2177,1.0,2.0,7
2178,10.0,10.0,5
2179,10.0,8.0,10
2180,8.0,10.0,10
2181,10.0,10.0,10
2182,10.0,8.0,7
2183,3.0,2.0,2
2184,10.0,10.0,8
2185,9.0,9.0,5
2186,10.0,10.0,5
2187,10.0,9.0,7
2188,9.0,9.0,9
2189,3.0,6.0,2
2190,10.0,7.0,4
2191,10.0,9.0,0
2192,10.0,6.0,2
2193,10.0,10.0,10
2194,9.0,9.0,2
2195,10.0,9.0,8
2196,1.0,2.0,6
2197,7.0,10.0,7
2198,10.0,10.0,4
2199,9.0,8.0,1
2200,9.0,9.0,7
2201,8.0,10.0,10
2202,10.0,7.0,3
2203,10.0,6.0,9
2204,10.0,10.0,2
2205,7.0,9.0,0
2206,4.0,1.0,8
2207,10.0,9.0,2
2208,10.0,9.0,3
2209,10.0,6.0,10
2210,2.0,1.0,1
2211,9.0,10.0,1
2212,8.0,8.0,4
2213,8.0,9.0,1
2214,7.0,9.0,1
2215,10.0,10.0,8
2216,10.0,10.0,9
2217,10.0,8.0,3
2218,10.0,7.0,6
2219,10.0,10.0,6
2220,8.0,10.0,5
2221,10.0,9.0,7
2222,10.0,8.0,10
2223,8.0,10.0,3
2224,4.0,1.0,9
2225,10.0,10.0,0
2226,10.0,8.0,4
2227,10.0,10.0,7
2228,6.0,10.0,1
2229,0.0,1.0,0
2230,0.0,6.0,2
2231,0.0,5.0,5
2232,10.0,9.0,7
2233,10.0,6.0,3
2234,8.0,10.0,2
2235,10.0,7.0,5
2236,10.0,10.0,4
2237,1.0,3.0,10
2238,0.0,3.0,7
2239,5.0,3.0,3
2240,4.0,1.0,1
2241,9.0,10.0,10
2242,0.0,3.0,5
2243,10.0,9.0,8
2244,8.0,7.0,9
2245,10.0,10.0,9
2246,3.0,1.0,3
2247,9.0,10.0,4
2248,10.0,9.0,4
2249,1.0,2.0,1
2250,10.0,10.0,3
2251,2.0,5.0,4
2252,10.0,10.0,2
2253,10.0,6.0,7
2254,0.0,2.0,1
2255,8.0,10.0,1
2256,10.0,10.0,2
2257,5.0,5.0,9
2258,9.0,7.0,1
2259,10.0,10.0,2
2260,7.0,8.0,2
2261,2.0,2.0,2
2262,10.0,7.0,9
2263,10.0,9.0,3
2264,8.0,10.0,1
2265,10.0,10.0,10
2266,6.0,10.0,8
2267,5.0,4.0,8
2268,10.0,10.0,5
2269,0.0,1.0,2
2270,10.0,7.0,5
2271,1.0,4.0,2
2272,10.0,10.0,1
2273,5.0,1.0,1
2274,10.0,10.0,0
2275,10.0,9.0,1
2276,1.0,4.0,5
2277,9.0,10.0,9
2278,10.0,9.0,5
2279,10.0,10.0,2
2280,9.0,10.0,2
2281,8.0,7.0,4
2282,9.0,9.0,2
2283,10.0,9.0,7
2284,10.0,9.0,3
2285,9.0,8.0,8
2286,10.0,7.0,5
2287,10.0,8.0,2
2288,0.0,4.0,3
2289,9.0,9.0,8
2290,0.0,4.0,10
2291,10.0,7.0,1
2292,10.0,8.0,6
2293,0.0,5.0,7
2294,0.0,5.0,10
2295,0.0,2.0,4
2296,10.0,8.0,4
2297,10.0,10.0,6
2298,10.0,8.0,4
2299,0.0,2.0,9
2300,7.0,10.0,3
2301,8.0,10.0,8
2302,0.0,3.0,6
2303,0.0,5.0,6
2304,10.0,8.0,8
2305,10.0,9.0,0
2306,9.0,8.0,6
2307,0.0,1.0,0
2308,10.0,10.0,7
2309,8.0,10.0,0
2310,4.0,2.0,9
2311,10.0,10.0,8
2312,10.0,9.0,6
2313,9.0,10.0,10
2314,9.0,7.0,0
2315,8.0,9.0,9
2316,5.0,2.0,4
2317,8.0,6.0,0
2318,10.0,10.0,1
2319,4.0,5.0,8
2320,10.0,10.0,10
2321,10.0,6.0,8
2322,5.0,5.0,9
2323,7.0,9.0,7
2324,10.0,10.0,5
2325,10.0,10.0,1
2326,3.0,3.0,9
2327,10.0,10.0,10
2328,0.0,1.0,6
2329,10.0,8.0,7
2330,9.0,6.0,9
2331,4.0,2.0,0
2332,10.0,10.0,1
2333,10.0,9.0,6
2334,10.0,10.0,1
2335,10.0,8.0,5
2336,5.0,1.0,4
2337,10.0,9.0,0
2338,9.0,6.0,10
2339,10.0,8.0,7
2340,10.0,10.0,6
2341,10.0,6.0,0
2342,9.0,9.0,4
2343,8.0,10.0,2
2344,6.0,10.0,8
2345,0.0,2.0,6
2346,10.0,7.0,4
2347,9.0,9.0,4
2348,10.0,10.0,6
2349,10.0,6.0,4
2350,10.0,10.0,6
2351,10.0,6.0,8
2352,9.0,9.0,2
2353,10.0,10.0,8
2354,10.0,9.0,7
2355,10.0,8.0,0
2356,8.0,8.0,10
2357,10.0,9.0,8
2358,10.0,9.0,5
2359,4.0,2.0,2
2360,10.0,10.0,5
2361,9.0,7.0,2
2362,5.0,1.0,6
2363,10.0,6.0,2
2364,10.0,10.0,8
2365,9.0,10.0,2
2366,5.0,1.0,2
2367,10.0,9.0,9
2368,10.0,10.0,7
2369,10.0,9.0,6
2370,10.0,10.0,6
2371,9.0,10.0,0
2372,8.0,10.0,3
2373,10.0,9.0,1
2374,9.0,10.0,1
2375,9.0,7.0,8
2376,3.0,2.0,1
2377,10.0,9.0,6
2378,10.0,9.0,3
2379,10.0,10.0,1
2380,8.0,8.0,3
2381,10.0,10.0,6
2382,0.0,3.0,2
2383,10.0,9.0,3
2384,10.0,10.0,8
2385,8.0,9.0,9
2386,10.0,9.0,1
2387,10.0,10.0,3
2388,4.0,1.0,5
2389,10.0,9.0,9
2390,8.0,7.0,1
2391,8.0,7.0,2
2392,10.0,9.0,8
2393,5.0,2.0,5
2394,4.0,5.0,10
2395,9.0,10.0,9
2396,10.0,9.0,8
2397,10.0,10.0,8
2398,10.0,9.0,8
2399,6.0,10.0,3
2400,10.0,10.0,2
2401,10.0,9.0,2
2402,0.0,5.0,5
2403,10.0,8.0,8
2404,10.0,10.0,5
2405,10.0,10.0,10
2406,10.0,10.0,7
2407,10.0,9.0,5
2408,10.0,9.0,5
2409,9.0,8.0,9
2410,10.0,9.0,7
2411,10.0,10.0,9
2412,9.0,9.0,5
2413,0.0,3.0,6
2414,5.0,1.0,1
2415,10.0,10.0,6
2416,9.0,9.0,7
2417,1.0,2.0,7
2418,9.0,9.0,8
2419,2.0,2.0,8
2420,10.0,8.0,7
2421,2.0,5.0,7
2422,10.0,10.0,0
2423,9.0,10.0,4
2424,10.0,9.0,7
2425,8.0,7.0,10
2426,7.0,9.0,10
2427,4.0,3.0,6
2428,5.0,2.0,9
2429,9.0,10.0,10
2430,9.0,10.0,5
2431,0.0,1.0,3
2432,2.0,1.0,9
2433,0.0,2.0,10
2434,10.0,7.0,1
2435,2.0,1.0,5
2436,9.0,10.0,3
2437,0.0,3.0,4
2438,10.0,9.0,5
2439,9.0,9.0,2
2440,1.0,1.0,3
2441,10.0,6.0,2
2442,9.0,10.0,7
2443,10.0,9.0,0
